man,sat,_,2026-04-29,tictactoe
man,sat,_,2026-04-29,tictactoe
man,sat,_,2026-04-29,tictactoe
man,sat,_,2026-04-29,tictactoe
man,sat,_,2026-04-29,tictactoe
man,sat,_,2026-04-29,tictactoe
man,sat,_,2026-04-29,tictactoe
man,sat,_,2026-04-29,tictactoe
man,sat,_,2026-04-29,tictactoe
man,sat,_,2026-04-29,tictactoe
man,sat,_,2026-04-29,tictactoe
man,sat,_,2026-04-29,othello
man,sat,_,2026-04-29,connect4
man,sat,_,2026-04-29,connect4
man,sat,_,2026-04-29,connect4
man,sat,_,2026-04-29,connect4
man,sat,_,2026-04-29,connect4
sat,man,_,2026-04-29,connect4
sat,man,_,2026-04-29,connect4
sat,man,_,2026-04-29,connect4
man,sat,_,2026-04-29,connect4
man,sat,_,2026-04-29,tictactoe
man,sat,_,2026-04-29,tictactoe
man,sat,_,2026-04-29,connect4
man,sat,_,2026-04-29,connect4
man,sat,_,2026-04-29,connect4
man,sat,_,2026-04-29,connect4
man,sat,_,2026-04-29,connect4
sat,man,_,2026-04-29,connect4
man,sat,_,2026-04-29,connect4
man,sat,_,2026-04-29,tictactoe
man,sat,_,2026-04-29,connect4
man,sat,_,2026-04-29,tictactoe
man,sat,_,2026-04-29,tictactoe
